{
  "status": "OK",
  "elapsed_seconds": 0.381,
  "metrics_untrained_head": {
    "preflight_loss": 1.8037954568862915,
    "preflight_model_preparation_time": 0.001,
    "preflight_accuracy": 0.14285714285714285,
    "preflight_precision_macro": 0.04439696106362773,
    "preflight_recall_macro": 0.1626984126984127,
    "preflight_f1_macro": 0.06834349593495935,
    "preflight_precision_weighted": 0.03981820648487315,
    "preflight_recall_weighted": 0.14285714285714285,
    "preflight_f1_weighted": 0.060903019744483165,
    "preflight_runtime": 0.3734,
    "preflight_samples_per_second": 224.976,
    "preflight_steps_per_second": 16.07,
    "epoch": 0.0
  },
  "gpu_peak_memory_mib": 640.5,
  "note": "Las métricas no tienen valor evaluativo. Solo validan el pipeline antes del entrenamiento."
}