,precision,recall,f1-score,support
Contratos,1.0,1.0,1.0,11.0
Facturas,1.0,0.9166666666666666,0.9565217391304348,12.0
Colaboraciones,1.0,1.0,1.0,11.0
Clientes,1.0,1.0,1.0,12.0
Publicidad,1.0,1.0,1.0,11.0
Varios,0.9166666666666666,1.0,0.9565217391304348,11.0
accuracy,0.9852941176470589,0.9852941176470589,0.9852941176470589,0.9852941176470589
macro avg,0.9861111111111112,0.986111111111111,0.9855072463768115,68.0
weighted avg,0.9865196078431372,0.9852941176470589,0.9852941176470589,68.0
