accuracy,precision_weighted,recall_weighted,f1_weighted,test_loss
0.9852941176470589,0.9865196078431372,0.9852941176470589,0.9852941176470589,0.059004993721221886
